STATION,NAME,LATITUDE,LONGITUDE,ELEVATION,DATE,EVAP,PRCP,TMAX,TMIN,WDMV
USC00404561,"JACKSON EXPERIMENTAL STATION, TN US",35.6213,-88.8456,121.9,4/4/2012,6.6,0,31.7,15,74
USC00404561,"JACKSON EXPERIMENTAL STATION, TN US",35.6213,-88.8456,121.9,4/5/2012,,0,27.8,14.4,90
USC00404561,"JACKSON EXPERIMENTAL STATION, TN US",35.6213,-88.8456,121.9,4/6/2012,5.8,7.6,22.2,7.8,140
USC00404561,"JACKSON EXPERIMENTAL STATION, TN US",35.6213,-88.8456,121.9,4/7/2012,5.6,0,18.3,4.4,108
USC00404561,"JACKSON EXPERIMENTAL STATION, TN US",35.6213,-88.8456,121.9,4/8/2012,4.6,0,24.4,5,56
USC00404561,"JACKSON EXPERIMENTAL STATION, TN US",35.6213,-88.8456,121.9,4/9/2012,3.8,0,21.7,4.4,77
USC00404561,"JACKSON EXPERIMENTAL STATION, TN US",35.6213,-88.8456,121.9,4/10/2012,5.1,0,24.4,5,21
USC00404561,"JACKSON EXPERIMENTAL STATION, TN US",35.6213,-88.8456,121.9,4/11/2012,5.1,0,21.7,3.3,85
USC00404561,"JACKSON EXPERIMENTAL STATION, TN US",35.6213,-88.8456,121.9,4/12/2012,7.1,0,18.3,0.6,129
USC00404561,"JACKSON EXPERIMENTAL STATION, TN US",35.6213,-88.8456,121.9,4/13/2012,7.4,0,20,1.1,56
USC00404561,"JACKSON EXPERIMENTAL STATION, TN US",35.6213,-88.8456,121.9,4/14/2012,6.3,0,24.4,7.8,127
USC00404561,"JACKSON EXPERIMENTAL STATION, TN US",35.6213,-88.8456,121.9,4/15/2012,8.6,0,28.3,16.1,220
USC00404561,"JACKSON EXPERIMENTAL STATION, TN US",35.6213,-88.8456,121.9,4/16/2012,4.1,4.8,28.3,9.4,246
USC00404561,"JACKSON EXPERIMENTAL STATION, TN US",35.6213,-88.8456,121.9,4/17/2012,6.3,0.5,20,12.8,111
USC00404561,"JACKSON EXPERIMENTAL STATION, TN US",35.6213,-88.8456,121.9,4/18/2012,2.5,0,16.1,6.7,89
USC00404561,"JACKSON EXPERIMENTAL STATION, TN US",35.6213,-88.8456,121.9,4/19/2012,7.6,0,23.3,5.6,175
USC00404561,"JACKSON EXPERIMENTAL STATION, TN US",35.6213,-88.8456,121.9,4/20/2012,6.6,0,26.1,6.7,79
USC00404561,"JACKSON EXPERIMENTAL STATION, TN US",35.6213,-88.8456,121.9,4/21/2012,9.9,15.2,26.7,8.9,174
USC00404561,"JACKSON EXPERIMENTAL STATION, TN US",35.6213,-88.8456,121.9,4/22/2012,3,0,14.4,3.3,108
USC00404561,"JACKSON EXPERIMENTAL STATION, TN US",35.6213,-88.8456,121.9,4/23/2012,4.6,0.8,18.3,4.4,143
USC00404561,"JACKSON EXPERIMENTAL STATION, TN US",35.6213,-88.8456,121.9,4/24/2012,4.1,0,17.8,3.3,132
USC00404561,"JACKSON EXPERIMENTAL STATION, TN US",35.6213,-88.8456,121.9,4/25/2012,,0,23.3,5.6,135
USC00404561,"JACKSON EXPERIMENTAL STATION, TN US",35.6213,-88.8456,121.9,4/26/2012,6.9,0,27.8,17.2,211
USC00404561,"JACKSON EXPERIMENTAL STATION, TN US",35.6213,-88.8456,121.9,4/27/2012,6.9,7.1,30,15.6,159
USC00404561,"JACKSON EXPERIMENTAL STATION, TN US",35.6213,-88.8456,121.9,4/28/2012,5.3,0,21.7,15,134
USC00404561,"JACKSON EXPERIMENTAL STATION, TN US",35.6213,-88.8456,121.9,4/29/2012,10.9,0,29.4,17.8,142
USC00404561,"JACKSON EXPERIMENTAL STATION, TN US",35.6213,-88.8456,121.9,4/30/2012,3.8,0,30,16.7,76
USC00404561,"JACKSON EXPERIMENTAL STATION, TN US",35.6213,-88.8456,121.9,5/1/2012,4.8,0,30,18.3,106
USC00404561,"JACKSON EXPERIMENTAL STATION, TN US",35.6213,-88.8456,121.9,5/2/2012,9.1,0,31.1,19.4,106
USC00404561,"JACKSON EXPERIMENTAL STATION, TN US",35.6213,-88.8456,121.9,5/3/2012,5.3,0,31.7,18.9,122
USC00404561,"JACKSON EXPERIMENTAL STATION, TN US",35.6213,-88.8456,121.9,5/4/2012,7.6,0,28.9,19.4,132
USC00404561,"JACKSON EXPERIMENTAL STATION, TN US",35.6213,-88.8456,121.9,5/5/2012,5.1,0,31.1,21.1,132
USC00404561,"JACKSON EXPERIMENTAL STATION, TN US",35.6213,-88.8456,121.9,5/6/2012,9.4,0,32.2,21.7,85
USC00404561,"JACKSON EXPERIMENTAL STATION, TN US",35.6213,-88.8456,121.9,5/7/2012,3,8.9,33.3,18.3,93
USC00404561,"JACKSON EXPERIMENTAL STATION, TN US",35.6213,-88.8456,121.9,5/8/2012,2.5,5.3,25,17.8,61
USC00404561,"JACKSON EXPERIMENTAL STATION, TN US",35.6213,-88.8456,121.9,5/9/2012,7.4,0,26.7,15,103
USC00404561,"JACKSON EXPERIMENTAL STATION, TN US",35.6213,-88.8456,121.9,5/10/2012,5.8,0,25.6,8.9,92
USC00404561,"JACKSON EXPERIMENTAL STATION, TN US",35.6213,-88.8456,121.9,5/11/2012,8.6,0,24.4,10.6,45
USC00404561,"JACKSON EXPERIMENTAL STATION, TN US",35.6213,-88.8456,121.9,5/12/2012,5.8,0.3,25,12.2,72
USC00404561,"JACKSON EXPERIMENTAL STATION, TN US",35.6213,-88.8456,121.9,5/13/2012,3,13.2,23.9,16.7,114
USC00404561,"JACKSON EXPERIMENTAL STATION, TN US",35.6213,-88.8456,121.9,5/14/2012,1.3,1,21.7,12.2,69
USC00404561,"JACKSON EXPERIMENTAL STATION, TN US",35.6213,-88.8456,121.9,5/15/2012,2.3,0,23.9,12.8,77
USC00404561,"JACKSON EXPERIMENTAL STATION, TN US",35.6213,-88.8456,121.9,5/16/2012,3.3,0,28.3,13.3,56
USC00404561,"JACKSON EXPERIMENTAL STATION, TN US",35.6213,-88.8456,121.9,5/17/2012,6.6,0,30,14.4,48
USC00404561,"JACKSON EXPERIMENTAL STATION, TN US",35.6213,-88.8456,121.9,5/18/2012,9.7,0,30.6,15,43
USC00404561,"JACKSON EXPERIMENTAL STATION, TN US",35.6213,-88.8456,121.9,5/19/2012,12.2,0,31.1,16.1,77
USC00404561,"JACKSON EXPERIMENTAL STATION, TN US",35.6213,-88.8456,121.9,5/20/2012,5.6,0,30.6,17.2,80
USC00404561,"JACKSON EXPERIMENTAL STATION, TN US",35.6213,-88.8456,121.9,5/21/2012,4.6,9.4,32.8,15,80
USC00404561,"JACKSON EXPERIMENTAL STATION, TN US",35.6213,-88.8456,121.9,5/22/2012,9.9,0,27.2,12.8,90
USC00404561,"JACKSON EXPERIMENTAL STATION, TN US",35.6213,-88.8456,121.9,5/23/2012,9.9,0,26.1,11.1,72
USC00404561,"JACKSON EXPERIMENTAL STATION, TN US",35.6213,-88.8456,121.9,5/24/2012,5.3,0,28.3,16.1,76
USC00404561,"JACKSON EXPERIMENTAL STATION, TN US",35.6213,-88.8456,121.9,5/25/2012,7.9,0,32.2,16.1,151
USC00404561,"JACKSON EXPERIMENTAL STATION, TN US",35.6213,-88.8456,121.9,5/26/2012,13.2,0,32.8,18.9,105
USC00404561,"JACKSON EXPERIMENTAL STATION, TN US",35.6213,-88.8456,121.9,5/27/2012,8.4,0,33.3,18.3,63
USC00404561,"JACKSON EXPERIMENTAL STATION, TN US",35.6213,-88.8456,121.9,5/28/2012,7.4,0,34.4,17.8,48
USC00404561,"JACKSON EXPERIMENTAL STATION, TN US",35.6213,-88.8456,121.9,5/29/2012,5.1,0,34.4,21.7,85
USC00404561,"JACKSON EXPERIMENTAL STATION, TN US",35.6213,-88.8456,121.9,5/30/2012,5.3,0,33.9,16.7,95
USC00404561,"JACKSON EXPERIMENTAL STATION, TN US",35.6213,-88.8456,121.9,5/31/2012,8.1,0,30,16.7,61
USC00404561,"JACKSON EXPERIMENTAL STATION, TN US",35.6213,-88.8456,121.9,6/1/2012,6.4,9.9,30.6,12.8,124
USC00404561,"JACKSON EXPERIMENTAL STATION, TN US",35.6213,-88.8456,121.9,6/2/2012,8.4,0,21.7,11.1,84
USC00404561,"JACKSON EXPERIMENTAL STATION, TN US",35.6213,-88.8456,121.9,6/3/2012,5.6,0,26.1,12.8,90
USC00404561,"JACKSON EXPERIMENTAL STATION, TN US",35.6213,-88.8456,121.9,6/4/2012,7.1,50.8,31.7,15.6,87
USC00404561,"JACKSON EXPERIMENTAL STATION, TN US",35.6213,-88.8456,121.9,6/5/2012,5.1,1,29.4,16.7,79
USC00404561,"JACKSON EXPERIMENTAL STATION, TN US",35.6213,-88.8456,121.9,6/6/2012,11.2,0,27.8,13.9,127
USC00404561,"JACKSON EXPERIMENTAL STATION, TN US",35.6213,-88.8456,121.9,6/7/2012,9.9,0,26.7,15,130
USC00404561,"JACKSON EXPERIMENTAL STATION, TN US",35.6213,-88.8456,121.9,6/8/2012,8.1,0,27.8,14.4,101
USC00404561,"JACKSON EXPERIMENTAL STATION, TN US",35.6213,-88.8456,121.9,6/9/2012,9.1,0,30,15.6,76
USC00404561,"JACKSON EXPERIMENTAL STATION, TN US",35.6213,-88.8456,121.9,6/10/2012,9.1,1.3,30.6,18.9,121
USC00404561,"JACKSON EXPERIMENTAL STATION, TN US",35.6213,-88.8456,121.9,6/11/2012,3,10.4,28.9,19.4,93
USC00404561,"JACKSON EXPERIMENTAL STATION, TN US",35.6213,-88.8456,121.9,6/12/2012,6.1,22.1,31.7,18.9,76
USC00404561,"JACKSON EXPERIMENTAL STATION, TN US",35.6213,-88.8456,121.9,6/13/2012,4.3,0,28.3,15.6,82
USC00404561,"JACKSON EXPERIMENTAL STATION, TN US",35.6213,-88.8456,121.9,6/14/2012,6.1,0,30,14.4,53
USC00404561,"JACKSON EXPERIMENTAL STATION, TN US",35.6213,-88.8456,121.9,6/15/2012,6.9,0,32.2,16.7,47
USC00404561,"JACKSON EXPERIMENTAL STATION, TN US",35.6213,-88.8456,121.9,6/16/2012,9.9,0,32.2,20.6,80
USC00404561,"JACKSON EXPERIMENTAL STATION, TN US",35.6213,-88.8456,121.9,6/17/2012,7.6,0,31.1,20,98
USC00404561,"JACKSON EXPERIMENTAL STATION, TN US",35.6213,-88.8456,121.9,6/18/2012,9.9,0,31.7,19.4,103
USC00404561,"JACKSON EXPERIMENTAL STATION, TN US",35.6213,-88.8456,121.9,6/19/2012,6.4,0,32.2,20.6,117
USC00404561,"JACKSON EXPERIMENTAL STATION, TN US",35.6213,-88.8456,121.9,6/20/2012,9.1,0,32.8,20.6,95
USC00404561,"JACKSON EXPERIMENTAL STATION, TN US",35.6213,-88.8456,121.9,6/21/2012,0,0,32.8,18.9,71
USC00404561,"JACKSON EXPERIMENTAL STATION, TN US",35.6213,-88.8456,121.9,6/22/2012,8.9,0,33.3,18.9,47
USC00404561,"JACKSON EXPERIMENTAL STATION, TN US",35.6213,-88.8456,121.9,6/23/2012,11.4,0,33.3,16.7,63
USC00404561,"JACKSON EXPERIMENTAL STATION, TN US",35.6213,-88.8456,121.9,6/24/2012,11.9,0,33.9,16.7,55
USC00404561,"JACKSON EXPERIMENTAL STATION, TN US",35.6213,-88.8456,121.9,6/25/2012,5.1,0,36.1,19.4,53
USC00404561,"JACKSON EXPERIMENTAL STATION, TN US",35.6213,-88.8456,121.9,6/26/2012,10.2,0,37.2,21.7,116
USC00404561,"JACKSON EXPERIMENTAL STATION, TN US",35.6213,-88.8456,121.9,6/27/2012,8.9,0,31.7,12.8,116
USC00404561,"JACKSON EXPERIMENTAL STATION, TN US",35.6213,-88.8456,121.9,6/28/2012,5.8,0,35,16.7,40
USC00404561,"JACKSON EXPERIMENTAL STATION, TN US",35.6213,-88.8456,121.9,6/29/2012,12.4,0,38.3,17.2,55
USC00404561,"JACKSON EXPERIMENTAL STATION, TN US",35.6213,-88.8456,121.9,6/30/2012,9.4,0,38.9,21.1,47
USC00404561,"JACKSON EXPERIMENTAL STATION, TN US",35.6213,-88.8456,121.9,7/1/2012,9.1,0,38.3,22.8,58
USC00404561,"JACKSON EXPERIMENTAL STATION, TN US",35.6213,-88.8456,121.9,7/2/2012,8.1,0,38.3,22.8,63
USC00404561,"JACKSON EXPERIMENTAL STATION, TN US",35.6213,-88.8456,121.9,7/3/2012,7.6,0,37.2,20.6,87
USC00404561,"JACKSON EXPERIMENTAL STATION, TN US",35.6213,-88.8456,121.9,7/4/2012,10.2,0,36.1,21.7,74
USC00404561,"JACKSON EXPERIMENTAL STATION, TN US",35.6213,-88.8456,121.9,7/5/2012,10.2,0,38.3,22.2,72
USC00404561,"JACKSON EXPERIMENTAL STATION, TN US",35.6213,-88.8456,121.9,7/6/2012,10.9,0,39.4,22.8,64
USC00404561,"JACKSON EXPERIMENTAL STATION, TN US",35.6213,-88.8456,121.9,7/7/2012,10.9,0,40,22.2,66
USC00404561,"JACKSON EXPERIMENTAL STATION, TN US",35.6213,-88.8456,121.9,7/8/2012,8.9,0,37.8,23.9,66
USC00404561,"JACKSON EXPERIMENTAL STATION, TN US",35.6213,-88.8456,121.9,7/9/2012,6.9,0,36.1,20.6,100
USC00404561,"JACKSON EXPERIMENTAL STATION, TN US",35.6213,-88.8456,121.9,7/10/2012,4.6,9.4,31.7,21.1,53
USC00404561,"JACKSON EXPERIMENTAL STATION, TN US",35.6213,-88.8456,121.9,7/11/2012,3,7.6,31.1,21.7,85
USC00404561,"JACKSON EXPERIMENTAL STATION, TN US",35.6213,-88.8456,121.9,7/12/2012,9.4,0,31.1,21.1,111
USC00404561,"JACKSON EXPERIMENTAL STATION, TN US",35.6213,-88.8456,121.9,7/13/2012,0.8,5.1,27.2,21.7,95
USC00404561,"JACKSON EXPERIMENTAL STATION, TN US",35.6213,-88.8456,121.9,7/14/2012,,25.4,30,21.1,64
USC00404561,"JACKSON EXPERIMENTAL STATION, TN US",35.6213,-88.8456,121.9,7/15/2012,,34.3,26.1,21.1,64
USC00404561,"JACKSON EXPERIMENTAL STATION, TN US",35.6213,-88.8456,121.9,7/16/2012,2.5,0,31.7,21.7,63
USC00404561,"JACKSON EXPERIMENTAL STATION, TN US",35.6213,-88.8456,121.9,7/17/2012,5.6,0,34.4,22.2,64
USC00404561,"JACKSON EXPERIMENTAL STATION, TN US",35.6213,-88.8456,121.9,7/18/2012,6.6,1.3,35,23.3,71
USC00404561,"JACKSON EXPERIMENTAL STATION, TN US",35.6213,-88.8456,121.9,7/19/2012,14,12.7,35.6,21.1,109
USC00404561,"JACKSON EXPERIMENTAL STATION, TN US",35.6213,-88.8456,121.9,7/20/2012,7.9,0,36.1,22.2,72
USC00404561,"JACKSON EXPERIMENTAL STATION, TN US",35.6213,-88.8456,121.9,7/21/2012,6.6,3.8,32.8,23.3,76
USC00404561,"JACKSON EXPERIMENTAL STATION, TN US",35.6213,-88.8456,121.9,7/22/2012,7.9,0,32.2,23.3,89
USC00404561,"JACKSON EXPERIMENTAL STATION, TN US",35.6213,-88.8456,121.9,7/23/2012,5.3,0,33.3,23.9,64
USC00404561,"JACKSON EXPERIMENTAL STATION, TN US",35.6213,-88.8456,121.9,7/24/2012,6.1,0,35,23.3,66
USC00404561,"JACKSON EXPERIMENTAL STATION, TN US",35.6213,-88.8456,121.9,7/25/2012,9.9,0,35.6,23.3,82
USC00404561,"JACKSON EXPERIMENTAL STATION, TN US",35.6213,-88.8456,121.9,7/26/2012,11.4,0,35.6,22.8,113
USC00404561,"JACKSON EXPERIMENTAL STATION, TN US",35.6213,-88.8456,121.9,7/27/2012,7.4,7.9,36.1,21.7,129
USC00404561,"JACKSON EXPERIMENTAL STATION, TN US",35.6213,-88.8456,121.9,7/28/2012,7.9,0,30.6,21.7,29
USC00404561,"JACKSON EXPERIMENTAL STATION, TN US",35.6213,-88.8456,121.9,7/29/2012,8.1,0,33.9,19.4,53
USC00404561,"JACKSON EXPERIMENTAL STATION, TN US",35.6213,-88.8456,121.9,7/30/2012,3,0,32.2,20.6,55
USC00404561,"JACKSON EXPERIMENTAL STATION, TN US",35.6213,-88.8456,121.9,7/31/2012,4.1,15.2,35.6,21.7,74
USC00404561,"JACKSON EXPERIMENTAL STATION, TN US",35.6213,-88.8456,121.9,8/1/2012,9.4,0,35,21.7,53
USC00404561,"JACKSON EXPERIMENTAL STATION, TN US",35.6213,-88.8456,121.9,8/2/2012,7.4,0,35.6,21.7,72
USC00404561,"JACKSON EXPERIMENTAL STATION, TN US",35.6213,-88.8456,121.9,8/3/2012,9.7,14.5,36.1,22.8,82
USC00404561,"JACKSON EXPERIMENTAL STATION, TN US",35.6213,-88.8456,121.9,8/4/2012,8.9,2,33.9,23.3,101
USC00404561,"JACKSON EXPERIMENTAL STATION, TN US",35.6213,-88.8456,121.9,8/5/2012,5.6,0,34.4,24.4,109
USC00404561,"JACKSON EXPERIMENTAL STATION, TN US",35.6213,-88.8456,121.9,8/6/2012,2,0.8,34.4,23.9,50
USC00404561,"JACKSON EXPERIMENTAL STATION, TN US",35.6213,-88.8456,121.9,8/7/2012,5.3,0,35.6,22.2,34
USC00404561,"JACKSON EXPERIMENTAL STATION, TN US",35.6213,-88.8456,121.9,8/8/2012,10.9,0,35,20,34
USC00404561,"JACKSON EXPERIMENTAL STATION, TN US",35.6213,-88.8456,121.9,8/9/2012,7.4,0,36.1,21.7,53
USC00404561,"JACKSON EXPERIMENTAL STATION, TN US",35.6213,-88.8456,121.9,8/10/2012,7.6,0,35,22.2,66
USC00404561,"JACKSON EXPERIMENTAL STATION, TN US",35.6213,-88.8456,121.9,8/11/2012,11.2,0,31.7,15.6,113
USC00404561,"JACKSON EXPERIMENTAL STATION, TN US",35.6213,-88.8456,121.9,8/12/2012,7.6,0,30.6,14.4,68
USC00404561,"JACKSON EXPERIMENTAL STATION, TN US",35.6213,-88.8456,121.9,8/13/2012,2.8,0,32.8,16.1,55
USC00404561,"JACKSON EXPERIMENTAL STATION, TN US",35.6213,-88.8456,121.9,8/14/2012,4.8,0.3,31.1,18.9,97
USC00404561,"JACKSON EXPERIMENTAL STATION, TN US",35.6213,-88.8456,121.9,8/15/2012,6.9,0,30,19.4,84
USC00404561,"JACKSON EXPERIMENTAL STATION, TN US",35.6213,-88.8456,121.9,8/16/2012,10.4,0,32.8,20,63
USC00404561,"JACKSON EXPERIMENTAL STATION, TN US",35.6213,-88.8456,121.9,8/17/2012,10.9,74.4,36.7,20,119
USC00404561,"JACKSON EXPERIMENTAL STATION, TN US",35.6213,-88.8456,121.9,8/18/2012,7.9,0.3,27.2,18.3,55
USC00404561,"JACKSON EXPERIMENTAL STATION, TN US",35.6213,-88.8456,121.9,8/19/2012,5.1,0,27.8,17.2,51
USC00404561,"JACKSON EXPERIMENTAL STATION, TN US",35.6213,-88.8456,121.9,8/20/2012,4.8,0,29.4,17.8,53
USC00404561,"JACKSON EXPERIMENTAL STATION, TN US",35.6213,-88.8456,121.9,8/21/2012,4.8,0,30.6,13.9,27
USC00404561,"JACKSON EXPERIMENTAL STATION, TN US",35.6213,-88.8456,121.9,8/22/2012,6.1,0,31.7,15,29
USC00404561,"JACKSON EXPERIMENTAL STATION, TN US",35.6213,-88.8456,121.9,8/23/2012,10.2,0,33.3,16.1,66
USC00404561,"JACKSON EXPERIMENTAL STATION, TN US",35.6213,-88.8456,121.9,8/24/2012,4.3,0,33.9,17.2,64
USC00404561,"JACKSON EXPERIMENTAL STATION, TN US",35.6213,-88.8456,121.9,8/25/2012,11.4,0,32.2,17.2,77
USC00404561,"JACKSON EXPERIMENTAL STATION, TN US",35.6213,-88.8456,121.9,8/26/2012,1,0,27.8,20.6,103
USC00404561,"JACKSON EXPERIMENTAL STATION, TN US",35.6213,-88.8456,121.9,8/27/2012,6.9,0,32.8,20,51
USC00404561,"JACKSON EXPERIMENTAL STATION, TN US",35.6213,-88.8456,121.9,8/28/2012,7.1,0,35.6,20,71
USC00404561,"JACKSON EXPERIMENTAL STATION, TN US",35.6213,-88.8456,121.9,8/29/2012,8.4,0,33.3,20.6,113
USC00404561,"JACKSON EXPERIMENTAL STATION, TN US",35.6213,-88.8456,121.9,8/30/2012,7.9,0,34.4,21.7,134
USC00404561,"JACKSON EXPERIMENTAL STATION, TN US",35.6213,-88.8456,121.9,8/31/2012,5.3,0,33.3,22.8,192
USC00404561,"JACKSON EXPERIMENTAL STATION, TN US",35.6213,-88.8456,121.9,9/1/2012,8.1,0,33.3,24.4,227
USC00404561,"JACKSON EXPERIMENTAL STATION, TN US",35.6213,-88.8456,121.9,9/2/2012,,76.5,33.3,21.1,177
USC00404561,"JACKSON EXPERIMENTAL STATION, TN US",35.6213,-88.8456,121.9,9/3/2012,4.6,0.8,31.7,22.2,106
USC00404561,"JACKSON EXPERIMENTAL STATION, TN US",35.6213,-88.8456,121.9,9/4/2012,4.6,0,32.2,20.6,74
USC00404561,"JACKSON EXPERIMENTAL STATION, TN US",35.6213,-88.8456,121.9,9/5/2012,4.8,0,33.9,21.1,55
USC00404561,"JACKSON EXPERIMENTAL STATION, TN US",35.6213,-88.8456,121.9,9/6/2012,13,28.4,35.6,20,85
USC00404561,"JACKSON EXPERIMENTAL STATION, TN US",35.6213,-88.8456,121.9,9/7/2012,7.4,2.5,33.3,19.4,76
USC00404561,"JACKSON EXPERIMENTAL STATION, TN US",35.6213,-88.8456,121.9,9/8/2012,13,15.2,33.9,18.3,135
USC00404561,"JACKSON EXPERIMENTAL STATION, TN US",35.6213,-88.8456,121.9,9/9/2012,7.1,0,24.4,11.7,101
USC00404561,"JACKSON EXPERIMENTAL STATION, TN US",35.6213,-88.8456,121.9,9/10/2012,5.8,0,28.3,11.7,77
USC00404561,"JACKSON EXPERIMENTAL STATION, TN US",35.6213,-88.8456,121.9,9/11/2012,5.6,0,28.9,12.2,55
USC00404561,"JACKSON EXPERIMENTAL STATION, TN US",35.6213,-88.8456,121.9,9/12/2012,5.6,0,30,13.3,58
USC00404561,"JACKSON EXPERIMENTAL STATION, TN US",35.6213,-88.8456,121.9,9/13/2012,10.7,0,31.7,18.3,100
USC00404561,"JACKSON EXPERIMENTAL STATION, TN US",35.6213,-88.8456,121.9,9/14/2012,2.8,0,26.7,17.2,58
USC00404561,"JACKSON EXPERIMENTAL STATION, TN US",35.6213,-88.8456,121.9,4/15/2013,5.6,0,22.2,12.2,195
USC00404561,"JACKSON EXPERIMENTAL STATION, TN US",35.6213,-88.8456,121.9,4/16/2013,8.1,0,28.3,13.3,163
USC00404561,"JACKSON EXPERIMENTAL STATION, TN US",35.6213,-88.8456,121.9,4/17/2013,4.8,0,30,18.9,109
USC00404561,"JACKSON EXPERIMENTAL STATION, TN US",35.6213,-88.8456,121.9,4/18/2013,7.9,0,31.1,20,220
USC00404561,"JACKSON EXPERIMENTAL STATION, TN US",35.6213,-88.8456,121.9,4/19/2013,11.7,50.8,28.9,6.1,285
USC00404561,"JACKSON EXPERIMENTAL STATION, TN US",35.6213,-88.8456,121.9,4/20/2013,5.6,0,12.8,1.7,126
USC00404561,"JACKSON EXPERIMENTAL STATION, TN US",35.6213,-88.8456,121.9,4/21/2013,3.3,0,18.9,2.8,71
USC00404561,"JACKSON EXPERIMENTAL STATION, TN US",35.6213,-88.8456,121.9,4/22/2013,7.1,0,21.7,5.6,100
USC00404561,"JACKSON EXPERIMENTAL STATION, TN US",35.6213,-88.8456,121.9,4/23/2013,7.1,0,23.9,7.8,109
USC00404561,"JACKSON EXPERIMENTAL STATION, TN US",35.6213,-88.8456,121.9,4/24/2013,13.2,33.3,25,6.7,224
USC00404561,"JACKSON EXPERIMENTAL STATION, TN US",35.6213,-88.8456,121.9,4/25/2013,3,1,12.2,1.1,97
USC00404561,"JACKSON EXPERIMENTAL STATION, TN US",35.6213,-88.8456,121.9,4/26/2013,1.8,0,20.6,1.7,42
USC00404561,"JACKSON EXPERIMENTAL STATION, TN US",35.6213,-88.8456,121.9,4/27/2013,,50.8,18.3,7.8,146
USC00404561,"JACKSON EXPERIMENTAL STATION, TN US",35.6213,-88.8456,121.9,4/28/2013,,26.4,19.4,11.7,105
USC00404561,"JACKSON EXPERIMENTAL STATION, TN US",35.6213,-88.8456,121.9,4/29/2013,2.5,0,19.4,7.8,66
USC00404561,"JACKSON EXPERIMENTAL STATION, TN US",35.6213,-88.8456,121.9,4/30/2013,5.6,0,26.1,8.9,37
USC00404561,"JACKSON EXPERIMENTAL STATION, TN US",35.6213,-88.8456,121.9,5/1/2013,5.3,0,28.3,12.2,71
USC00404561,"JACKSON EXPERIMENTAL STATION, TN US",35.6213,-88.8456,121.9,5/2/2013,5.6,0,27.2,15,106
USC00404561,"JACKSON EXPERIMENTAL STATION, TN US",35.6213,-88.8456,121.9,5/3/2013,6.1,0,25,17.2,95
USC00404561,"JACKSON EXPERIMENTAL STATION, TN US",35.6213,-88.8456,121.9,5/4/2013,,44.7,21.1,2.2,163
USC00404561,"JACKSON EXPERIMENTAL STATION, TN US",35.6213,-88.8456,121.9,5/5/2013,3.6,1.3,15,2.8,72
USC00404561,"JACKSON EXPERIMENTAL STATION, TN US",35.6213,-88.8456,121.9,5/6/2013,0.8,0,17.2,8.3,122
USC00404561,"JACKSON EXPERIMENTAL STATION, TN US",35.6213,-88.8456,121.9,5/7/2013,1.5,0.3,17.2,11.1,85
USC00404561,"JACKSON EXPERIMENTAL STATION, TN US",35.6213,-88.8456,121.9,5/8/2013,4.1,0,24.4,10,45
USC00404561,"JACKSON EXPERIMENTAL STATION, TN US",35.6213,-88.8456,121.9,5/9/2013,9.1,0,28.3,12.8,48
USC00404561,"JACKSON EXPERIMENTAL STATION, TN US",35.6213,-88.8456,121.9,5/10/2013,4.6,17,28.3,12.8,64
USC00404561,"JACKSON EXPERIMENTAL STATION, TN US",35.6213,-88.8456,121.9,5/11/2013,,24.9,23.9,14.4,114
USC00404561,"JACKSON EXPERIMENTAL STATION, TN US",35.6213,-88.8456,121.9,5/12/2013,3.6,0,22.2,7.8,101
USC00404561,"JACKSON EXPERIMENTAL STATION, TN US",35.6213,-88.8456,121.9,5/13/2013,6.4,0,18.9,5,89
USC00404561,"JACKSON EXPERIMENTAL STATION, TN US",35.6213,-88.8456,121.9,5/14/2013,7.1,0,23.9,5.6,77
USC00404561,"JACKSON EXPERIMENTAL STATION, TN US",35.6213,-88.8456,121.9,5/15/2013,11.4,0,30.6,14.4,63
USC00404561,"JACKSON EXPERIMENTAL STATION, TN US",35.6213,-88.8456,121.9,5/16/2013,7.9,0,30,14.4,0
USC00404561,"JACKSON EXPERIMENTAL STATION, TN US",35.6213,-88.8456,121.9,5/17/2013,6.6,6.6,28.9,18.3,8
USC00404561,"JACKSON EXPERIMENTAL STATION, TN US",35.6213,-88.8456,121.9,5/18/2013,6.1,11.7,24.4,17.2,5
USC00404561,"JACKSON EXPERIMENTAL STATION, TN US",35.6213,-88.8456,121.9,5/19/2013,5.6,0,29.4,18.3,0
USC00404561,"JACKSON EXPERIMENTAL STATION, TN US",35.6213,-88.8456,121.9,5/20/2013,7.1,0,31.7,20.6,26
USC00404561,"JACKSON EXPERIMENTAL STATION, TN US",35.6213,-88.8456,121.9,5/21/2013,6.6,5.1,31.7,17.8,37
USC00404561,"JACKSON EXPERIMENTAL STATION, TN US",35.6213,-88.8456,121.9,5/22/2013,,70.6,26.1,17.2,14
USC00404561,"JACKSON EXPERIMENTAL STATION, TN US",35.6213,-88.8456,121.9,5/23/2013,5.3,0,27.2,15.6,8
USC00404561,"JACKSON EXPERIMENTAL STATION, TN US",35.6213,-88.8456,121.9,5/24/2013,11.9,0,26.1,11.7,45
USC00404561,"JACKSON EXPERIMENTAL STATION, TN US",35.6213,-88.8456,121.9,5/25/2013,5.1,0,23.3,8.9,18
USC00404561,"JACKSON EXPERIMENTAL STATION, TN US",35.6213,-88.8456,121.9,5/26/2013,8.4,0,25.6,12.8,0
USC00404561,"JACKSON EXPERIMENTAL STATION, TN US",35.6213,-88.8456,121.9,5/27/2013,7.4,0,29.4,15,3
USC00404561,"JACKSON EXPERIMENTAL STATION, TN US",35.6213,-88.8456,121.9,5/28/2013,1,0,30,17.2,24
USC00404561,"JACKSON EXPERIMENTAL STATION, TN US",35.6213,-88.8456,121.9,5/29/2013,15.5,0,30.6,16.7,32
USC00404561,"JACKSON EXPERIMENTAL STATION, TN US",35.6213,-88.8456,121.9,5/30/2013,,0,31.1,18.3,27
USC00404561,"JACKSON EXPERIMENTAL STATION, TN US",35.6213,-88.8456,121.9,5/31/2013,12.4,19.1,30.6,15,45
USC00404561,"JACKSON EXPERIMENTAL STATION, TN US",35.6213,-88.8456,121.9,6/1/2013,,36.8,24.4,17.8,35
USC00404561,"JACKSON EXPERIMENTAL STATION, TN US",35.6213,-88.8456,121.9,6/2/2013,4.3,10.2,25,17.8,27
USC00404561,"JACKSON EXPERIMENTAL STATION, TN US",35.6213,-88.8456,121.9,6/3/2013,4.3,0,26.7,14.4,8
USC00404561,"JACKSON EXPERIMENTAL STATION, TN US",35.6213,-88.8456,121.9,6/4/2013,4.1,0,26.7,14.4,6
USC00404561,"JACKSON EXPERIMENTAL STATION, TN US",35.6213,-88.8456,121.9,6/5/2013,9.9,9.4,29.4,16.1,2
USC00404561,"JACKSON EXPERIMENTAL STATION, TN US",35.6213,-88.8456,121.9,6/6/2013,5.6,1.5,30,18.9,6
USC00404561,"JACKSON EXPERIMENTAL STATION, TN US",35.6213,-88.8456,121.9,6/7/2013,8.6,0,28.3,20,19
USC00404561,"JACKSON EXPERIMENTAL STATION, TN US",35.6213,-88.8456,121.9,6/8/2013,5.6,0,27.2,14.4,21
USC00404561,"JACKSON EXPERIMENTAL STATION, TN US",35.6213,-88.8456,121.9,6/9/2013,6.1,1,28.9,17.8,2
USC00404561,"JACKSON EXPERIMENTAL STATION, TN US",35.6213,-88.8456,121.9,6/10/2013,3.3,20.3,30.6,18.9,37
USC00404561,"JACKSON EXPERIMENTAL STATION, TN US",35.6213,-88.8456,121.9,6/11/2013,5.8,0,31.7,18.9,56
USC00404561,"JACKSON EXPERIMENTAL STATION, TN US",35.6213,-88.8456,121.9,6/12/2013,11.2,0,35,21.1,19
USC00404561,"JACKSON EXPERIMENTAL STATION, TN US",35.6213,-88.8456,121.9,6/13/2013,9.9,0,35,21.7,58
USC00404561,"JACKSON EXPERIMENTAL STATION, TN US",35.6213,-88.8456,121.9,6/14/2013,5.8,0,32.8,16.1,89
USC00404561,"JACKSON EXPERIMENTAL STATION, TN US",35.6213,-88.8456,121.9,6/15/2013,16.8,0,29.4,16.1,39
USC00404561,"JACKSON EXPERIMENTAL STATION, TN US",35.6213,-88.8456,121.9,6/16/2013,6.9,0,31.1,18.3,5
USC00404561,"JACKSON EXPERIMENTAL STATION, TN US",35.6213,-88.8456,121.9,6/17/2013,1,0,30,21.1,3
USC00404561,"JACKSON EXPERIMENTAL STATION, TN US",35.6213,-88.8456,121.9,6/18/2013,8.9,36.8,30.6,20,10
USC00404561,"JACKSON EXPERIMENTAL STATION, TN US",35.6213,-88.8456,121.9,6/19/2013,2,0,28.3,18.3,16
USC00404561,"JACKSON EXPERIMENTAL STATION, TN US",35.6213,-88.8456,121.9,6/20/2013,7.1,0,32.2,18.9,2
USC00404561,"JACKSON EXPERIMENTAL STATION, TN US",35.6213,-88.8456,121.9,6/21/2013,6.9,0,33.3,19.4,3
USC00404561,"JACKSON EXPERIMENTAL STATION, TN US",35.6213,-88.8456,121.9,6/22/2013,12.7,0,32.2,20.6,11
USC00404561,"JACKSON EXPERIMENTAL STATION, TN US",35.6213,-88.8456,121.9,6/23/2013,7.4,0,32.2,21.1,13
USC00404561,"JACKSON EXPERIMENTAL STATION, TN US",35.6213,-88.8456,121.9,6/24/2013,6.4,0,32.2,22.2,13
USC00404561,"JACKSON EXPERIMENTAL STATION, TN US",35.6213,-88.8456,121.9,6/25/2013,8.4,0,33.9,22.2,11
USC00404561,"JACKSON EXPERIMENTAL STATION, TN US",35.6213,-88.8456,121.9,6/26/2013,7.4,0,32.8,22.2,31
USC00404561,"JACKSON EXPERIMENTAL STATION, TN US",35.6213,-88.8456,121.9,6/27/2013,6.1,0,33.3,23.3,101
USC00404561,"JACKSON EXPERIMENTAL STATION, TN US",35.6213,-88.8456,121.9,6/28/2013,11.4,0,36.7,21.1,39
USC00404561,"JACKSON EXPERIMENTAL STATION, TN US",35.6213,-88.8456,121.9,6/29/2013,7.6,4.1,31.7,17.8,31
USC00404561,"JACKSON EXPERIMENTAL STATION, TN US",35.6213,-88.8456,121.9,6/30/2013,9.4,0,31.1,15.6,56
USC00404561,"JACKSON EXPERIMENTAL STATION, TN US",35.6213,-88.8456,121.9,7/1/2013,1.3,4.8,27.8,17.2,35
USC00404561,"JACKSON EXPERIMENTAL STATION, TN US",35.6213,-88.8456,121.9,7/2/2013,4.6,10.2,25,16.7,8
USC00404561,"JACKSON EXPERIMENTAL STATION, TN US",35.6213,-88.8456,121.9,7/3/2013,5.3,0,28.9,15,16
USC00404561,"JACKSON EXPERIMENTAL STATION, TN US",35.6213,-88.8456,121.9,7/4/2013,9.7,0,28.9,16.1,2
USC00404561,"JACKSON EXPERIMENTAL STATION, TN US",35.6213,-88.8456,121.9,7/5/2013,2.5,0,28.9,18.9,31
USC00404561,"JACKSON EXPERIMENTAL STATION, TN US",35.6213,-88.8456,121.9,7/6/2013,8.6,3,28.9,19.4,16
USC00404561,"JACKSON EXPERIMENTAL STATION, TN US",35.6213,-88.8456,121.9,7/7/2013,6.6,12.2,30,20.6,10
USC00404561,"JACKSON EXPERIMENTAL STATION, TN US",35.6213,-88.8456,121.9,7/8/2013,6.4,0,31.7,21.1,6
USC00404561,"JACKSON EXPERIMENTAL STATION, TN US",35.6213,-88.8456,121.9,7/9/2013,3.6,0,32.2,21.7,5
USC00404561,"JACKSON EXPERIMENTAL STATION, TN US",35.6213,-88.8456,121.9,7/10/2013,8.1,0,34.4,22.8,14
USC00404561,"JACKSON EXPERIMENTAL STATION, TN US",35.6213,-88.8456,121.9,7/11/2013,8.1,0,33.3,22.2,11
USC00404561,"JACKSON EXPERIMENTAL STATION, TN US",35.6213,-88.8456,121.9,7/12/2013,16.5,0,33.3,18.3,55
USC00404561,"JACKSON EXPERIMENTAL STATION, TN US",35.6213,-88.8456,121.9,7/13/2013,9.9,0,29.4,15,72
USC00404561,"JACKSON EXPERIMENTAL STATION, TN US",35.6213,-88.8456,121.9,7/14/2013,10.7,0,30,18.9,34
USC00404561,"JACKSON EXPERIMENTAL STATION, TN US",35.6213,-88.8456,121.9,7/15/2013,5.6,17,30,20.6,19
USC00404561,"JACKSON EXPERIMENTAL STATION, TN US",35.6213,-88.8456,121.9,7/16/2013,3.8,0,32.2,21.1,48
USC00404561,"JACKSON EXPERIMENTAL STATION, TN US",35.6213,-88.8456,121.9,7/17/2013,10.7,0,33.3,21.1,11
USC00404561,"JACKSON EXPERIMENTAL STATION, TN US",35.6213,-88.8456,121.9,7/18/2013,6.4,0,35,21.7,3
USC00404561,"JACKSON EXPERIMENTAL STATION, TN US",35.6213,-88.8456,121.9,7/19/2013,4.6,10.4,33.9,19.4,6
USC00404561,"JACKSON EXPERIMENTAL STATION, TN US",35.6213,-88.8456,121.9,7/20/2013,7.4,0.5,33.3,20.6,
USC00404561,"JACKSON EXPERIMENTAL STATION, TN US",35.6213,-88.8456,121.9,7/21/2013,7.1,0.8,33.9,21.1,
USC00404561,"JACKSON EXPERIMENTAL STATION, TN US",35.6213,-88.8456,121.9,7/22/2013,8.9,45.7,33.9,20.6,37
USC00404561,"JACKSON EXPERIMENTAL STATION, TN US",35.6213,-88.8456,121.9,7/23/2013,0,38.4,28.3,18.9,14
USC00404561,"JACKSON EXPERIMENTAL STATION, TN US",35.6213,-88.8456,121.9,7/24/2013,4.1,10.2,30,20,10
USC00404561,"JACKSON EXPERIMENTAL STATION, TN US",35.6213,-88.8456,121.9,7/25/2013,5.1,0,30,17.2,5
USC00404561,"JACKSON EXPERIMENTAL STATION, TN US",35.6213,-88.8456,121.9,7/26/2013,5.8,0,28.9,15.6,13
USC00404561,"JACKSON EXPERIMENTAL STATION, TN US",35.6213,-88.8456,121.9,7/27/2013,7.9,0,28.3,16.7,2
USC00404561,"JACKSON EXPERIMENTAL STATION, TN US",35.6213,-88.8456,121.9,7/28/2013,8.4,0,30,17.2,11
USC00404561,"JACKSON EXPERIMENTAL STATION, TN US",35.6213,-88.8456,121.9,7/29/2013,1.3,0,27.2,16.7,5
USC00404561,"JACKSON EXPERIMENTAL STATION, TN US",35.6213,-88.8456,121.9,7/30/2013,5.8,0,29.4,17.8,16
USC00404561,"JACKSON EXPERIMENTAL STATION, TN US",35.6213,-88.8456,121.9,7/31/2013,6.6,4.8,26.1,19.4,8
USC00404561,"JACKSON EXPERIMENTAL STATION, TN US",35.6213,-88.8456,121.9,8/1/2013,3.6,1.8,31.7,20.6,19
USC00404561,"JACKSON EXPERIMENTAL STATION, TN US",35.6213,-88.8456,121.9,8/2/2013,4.3,0,30,17.2,27
USC00404561,"JACKSON EXPERIMENTAL STATION, TN US",35.6213,-88.8456,121.9,8/3/2013,10.2,0,31.1,17.2,0
USC00404561,"JACKSON EXPERIMENTAL STATION, TN US",35.6213,-88.8456,121.9,8/4/2013,1.3,7.1,25.6,19.4,8
USC00404561,"JACKSON EXPERIMENTAL STATION, TN US",35.6213,-88.8456,121.9,8/5/2013,6.6,0,30.6,20,16
USC00404561,"JACKSON EXPERIMENTAL STATION, TN US",35.6213,-88.8456,121.9,8/6/2013,2,6.9,25,20,3
USC00404561,"JACKSON EXPERIMENTAL STATION, TN US",35.6213,-88.8456,121.9,8/7/2013,0.3,6.6,27.2,21.7,8
USC00404561,"JACKSON EXPERIMENTAL STATION, TN US",35.6213,-88.8456,121.9,8/8/2013,7.4,0,32.8,22.8,2
USC00404561,"JACKSON EXPERIMENTAL STATION, TN US",35.6213,-88.8456,121.9,8/9/2013,5.3,1.3,33.9,22.8,5
USC00404561,"JACKSON EXPERIMENTAL STATION, TN US",35.6213,-88.8456,121.9,8/10/2013,7.4,0,34.4,22.8,8
USC00404561,"JACKSON EXPERIMENTAL STATION, TN US",35.6213,-88.8456,121.9,8/11/2013,5.1,0,30.6,22.2,11
USC00404561,"JACKSON EXPERIMENTAL STATION, TN US",35.6213,-88.8456,121.9,8/12/2013,0,4.6,30,22.2,0
USC00404561,"JACKSON EXPERIMENTAL STATION, TN US",35.6213,-88.8456,121.9,8/13/2013,9.4,14.2,32.8,20,19
USC00404561,"JACKSON EXPERIMENTAL STATION, TN US",35.6213,-88.8456,121.9,8/14/2013,7.9,0,30,16.7,43
USC00404561,"JACKSON EXPERIMENTAL STATION, TN US",35.6213,-88.8456,121.9,8/15/2013,3.6,0,25,12.8,63
USC00404561,"JACKSON EXPERIMENTAL STATION, TN US",35.6213,-88.8456,121.9,8/16/2013,9.9,0,27.8,13.3,13
USC00404561,"JACKSON EXPERIMENTAL STATION, TN US",35.6213,-88.8456,121.9,8/17/2013,3.3,0.5,26.1,17.2,5
USC00404561,"JACKSON EXPERIMENTAL STATION, TN US",35.6213,-88.8456,121.9,8/18/2013,3.6,0.3,26.7,16.7,24
USC00404561,"JACKSON EXPERIMENTAL STATION, TN US",35.6213,-88.8456,121.9,8/19/2013,2.3,0,28.3,16.7,2
USC00404561,"JACKSON EXPERIMENTAL STATION, TN US",35.6213,-88.8456,121.9,8/20/2013,8.9,0,31.1,16.7,2
USC00404561,"JACKSON EXPERIMENTAL STATION, TN US",35.6213,-88.8456,121.9,8/21/2013,6.4,6.1,31.7,19.4,3
USC00404561,"JACKSON EXPERIMENTAL STATION, TN US",35.6213,-88.8456,121.9,8/22/2013,3.8,0,33.3,20.6,0
USC00404561,"JACKSON EXPERIMENTAL STATION, TN US",35.6213,-88.8456,121.9,8/23/2013,9.7,1.5,33.3,19.4,3
USC00404561,"JACKSON EXPERIMENTAL STATION, TN US",35.6213,-88.8456,121.9,8/24/2013,6.1,0,33.3,20,3
USC00404561,"JACKSON EXPERIMENTAL STATION, TN US",35.6213,-88.8456,121.9,8/25/2013,6.9,0,32.2,21.7,16
USC00404561,"JACKSON EXPERIMENTAL STATION, TN US",35.6213,-88.8456,121.9,8/26/2013,2.8,0,31.7,20,18
USC00404561,"JACKSON EXPERIMENTAL STATION, TN US",35.6213,-88.8456,121.9,8/27/2013,8.9,0,31.7,17.2,6
USC00404561,"JACKSON EXPERIMENTAL STATION, TN US",35.6213,-88.8456,121.9,8/28/2013,4.3,0,32.2,17.2,8
USC00404561,"JACKSON EXPERIMENTAL STATION, TN US",35.6213,-88.8456,121.9,8/29/2013,8.4,0,33.3,18.3,6
USC00404561,"JACKSON EXPERIMENTAL STATION, TN US",35.6213,-88.8456,121.9,8/30/2013,3.8,0,34.4,20,8
USC00404561,"JACKSON EXPERIMENTAL STATION, TN US",35.6213,-88.8456,121.9,8/31/2013,10.9,0,34.4,20.6,3
USC00404561,"JACKSON EXPERIMENTAL STATION, TN US",35.6213,-88.8456,121.9,9/1/2013,4.1,0,35.6,21.7,6
USC00404561,"JACKSON EXPERIMENTAL STATION, TN US",35.6213,-88.8456,121.9,9/2/2013,3.3,7.6,26.7,20.6,16
USC00404561,"JACKSON EXPERIMENTAL STATION, TN US",35.6213,-88.8456,121.9,9/3/2013,0.8,1.3,31.7,17.8,3
USC00404561,"JACKSON EXPERIMENTAL STATION, TN US",35.6213,-88.8456,121.9,9/4/2013,8.9,0,30.6,15,21
USC00404561,"JACKSON EXPERIMENTAL STATION, TN US",35.6213,-88.8456,121.9,9/5/2013,5.1,0,30,13.3,6
USC00404561,"JACKSON EXPERIMENTAL STATION, TN US",35.6213,-88.8456,121.9,9/6/2013,5.1,0,30,13.9,11
USC00404561,"JACKSON EXPERIMENTAL STATION, TN US",35.6213,-88.8456,121.9,9/7/2013,10.9,0,31.7,16.1,5
USC00404561,"JACKSON EXPERIMENTAL STATION, TN US",35.6213,-88.8456,121.9,9/8/2013,2,0,34.4,17.2,5
USC00404561,"JACKSON EXPERIMENTAL STATION, TN US",35.6213,-88.8456,121.9,9/9/2013,2.8,4.1,36.1,18.3,2
USC00404561,"JACKSON EXPERIMENTAL STATION, TN US",35.6213,-88.8456,121.9,9/10/2013,8.4,0,34.4,21.1,16
USC00404561,"JACKSON EXPERIMENTAL STATION, TN US",35.6213,-88.8456,121.9,9/11/2013,5.3,0,35,21.1,8
USC00404561,"JACKSON EXPERIMENTAL STATION, TN US",35.6213,-88.8456,121.9,9/12/2013,0.3,8.4,31.7,20,0
USC00404561,"JACKSON EXPERIMENTAL STATION, TN US",35.6213,-88.8456,121.9,9/13/2013,5.6,1.8,33.3,17.2,10
USC00404561,"JACKSON EXPERIMENTAL STATION, TN US",35.6213,-88.8456,121.9,9/14/2013,11.4,0,26.7,10.6,61
USC00404561,"JACKSON EXPERIMENTAL STATION, TN US",35.6213,-88.8456,121.9,9/15/2013,6.4,0,23.9,9.4,27
USC00404561,"JACKSON EXPERIMENTAL STATION, TN US",35.6213,-88.8456,121.9,9/16/2013,2,0,29.4,10,2
USC00404561,"JACKSON EXPERIMENTAL STATION, TN US",35.6213,-88.8456,121.9,9/17/2013,3.3,0,30,12.8,16
USC00404561,"JACKSON EXPERIMENTAL STATION, TN US",35.6213,-88.8456,121.9,9/18/2013,5.6,0,31.1,18.3,5
USC00404561,"JACKSON EXPERIMENTAL STATION, TN US",35.6213,-88.8456,121.9,9/19/2013,5.6,0,31.1,19.4,26
USC00404561,"JACKSON EXPERIMENTAL STATION, TN US",35.6213,-88.8456,121.9,9/20/2013,5.1,0,32.2,19.4,19
USC00404561,"JACKSON EXPERIMENTAL STATION, TN US",35.6213,-88.8456,121.9,9/21/2013,,62,27.8,17.2,16
USC00404561,"JACKSON EXPERIMENTAL STATION, TN US",35.6213,-88.8456,121.9,9/22/2013,5.8,0,23.9,9.4,35
USC00404561,"JACKSON EXPERIMENTAL STATION, TN US",35.6213,-88.8456,121.9,9/23/2013,5.785714286,31,22.25,8.3,30
USC00404561,"JACKSON EXPERIMENTAL STATION, TN US",35.6213,-88.8456,121.9,9/24/2013,5.892857143,37.2,19.65,5.08,32.4
USC00404561,"JACKSON EXPERIMENTAL STATION, TN US",35.6213,-88.8456,121.9,9/25/2013,6,43.4,17.05,1.86,34.8
USC00404561,"JACKSON EXPERIMENTAL STATION, TN US",35.6213,-88.8456,121.9,9/26/2013,6.107142857,49.6,14.45,-1.36,37.2
USC00404561,"JACKSON EXPERIMENTAL STATION, TN US",35.6213,-88.8456,121.9,9/27/2013,6.214285714,55.8,11.85,-4.58,39.6
USC00404561,"JACKSON EXPERIMENTAL STATION, TN US",35.6213,-88.8456,121.9,9/28/2013,6.321428571,62,9.25,-7.8,42
USC00404561,"JACKSON EXPERIMENTAL STATION, TN US",35.6213,-88.8456,121.9,9/29/2013,6.428571429,68.2,6.65,-11.02,44.4
USC00404561,"JACKSON EXPERIMENTAL STATION, TN US",35.6213,-88.8456,121.9,9/30/2013,6.535714286,74.4,4.05,-14.24,46.8
USC00404561,"JACKSON EXPERIMENTAL STATION, TN US",35.6213,-88.8456,121.9,10/1/2013,6.642857143,80.6,1.45,-17.46,49.2
USC00404561,"JACKSON EXPERIMENTAL STATION, TN US",35.6213,-88.8456,121.9,10/2/2013,6.75,86.8,-1.15,-20.68,51.6
USC00404561,"JACKSON EXPERIMENTAL STATION, TN US",35.6213,-88.8456,121.9,10/3/2013,6.857142857,93,-3.75,-23.9,54
USC00404561,"JACKSON EXPERIMENTAL STATION, TN US",35.6213,-88.8456,121.9,10/4/2013,6.964285714,99.2,-6.35,-27.12,56.4
USC00404561,"JACKSON EXPERIMENTAL STATION, TN US",35.6213,-88.8456,121.9,10/5/2013,7.071428571,105.4,-8.95,-30.34,58.8
USC00404561,"JACKSON EXPERIMENTAL STATION, TN US",35.6213,-88.8456,121.9,10/6/2013,7.178571429,111.6,-11.55,-33.56,61.2
USC00404561,"JACKSON EXPERIMENTAL STATION, TN US",35.6213,-88.8456,121.9,10/7/2013,7.285714286,117.8,-14.15,-36.78,63.6
USC00404561,"JACKSON EXPERIMENTAL STATION, TN US",35.6213,-88.8456,121.9,10/8/2013,7.392857143,124,-16.75,-40,66
USC00404561,"JACKSON EXPERIMENTAL STATION, TN US",35.6213,-88.8456,121.9,10/9/2013,7.5,130.2,-19.35,-43.22,68.4
USC00404561,"JACKSON EXPERIMENTAL STATION, TN US",35.6213,-88.8456,121.9,10/10/2013,7.607142857,136.4,-21.95,-46.44,70.8
USC00404561,"JACKSON EXPERIMENTAL STATION, TN US",35.6213,-88.8456,121.9,10/11/2013,7.714285714,142.6,-24.55,-49.66,73.2
USC00404561,"JACKSON EXPERIMENTAL STATION, TN US",35.6213,-88.8456,121.9,10/12/2013,7.821428571,148.8,-27.15,-52.88,75.6
USC00404561,"JACKSON EXPERIMENTAL STATION, TN US",35.6213,-88.8456,121.9,10/13/2013,7.928571429,155,-29.75,-56.1,78
USC00404561,"JACKSON EXPERIMENTAL STATION, TN US",35.6213,-88.8456,121.9,10/14/2013,8.035714286,161.2,-32.35,-59.32,80.4
USC00404561,"JACKSON EXPERIMENTAL STATION, TN US",35.6213,-88.8456,121.9,10/15/2013,8.142857143,167.4,-34.95,-62.54,82.8
USC00404561,"JACKSON EXPERIMENTAL STATION, TN US",35.6213,-88.8456,121.9,10/16/2013,8.25,173.6,-37.55,-65.76,85.2
USC00404561,"JACKSON EXPERIMENTAL STATION, TN US",35.6213,-88.8456,121.9,10/17/2013,8.357142857,179.8,-40.15,-68.98,87.6
USC00404561,"JACKSON EXPERIMENTAL STATION, TN US",35.6213,-88.8456,121.9,10/18/2013,8.464285714,186,-42.75,-72.2,90
USC00404561,"JACKSON EXPERIMENTAL STATION, TN US",35.6213,-88.8456,121.9,10/19/2013,8.571428571,192.2,-45.35,-75.42,92.4
USC00404561,"JACKSON EXPERIMENTAL STATION, TN US",35.6213,-88.8456,121.9,10/20/2013,8.678571429,198.4,-47.95,-78.64,94.8
USC00404561,"JACKSON EXPERIMENTAL STATION, TN US",35.6213,-88.8456,121.9,10/21/2013,8.785714286,204.6,-50.55,-81.86,97.2
USC00404561,"JACKSON EXPERIMENTAL STATION, TN US",35.6213,-88.8456,121.9,10/22/2013,8.892857143,210.8,-53.15,-85.08,99.6
USC00404561,"JACKSON EXPERIMENTAL STATION, TN US",35.6213,-88.8456,121.9,10/23/2013,9,217,-55.75,-88.3,102
USC00404561,"JACKSON EXPERIMENTAL STATION, TN US",35.6213,-88.8456,121.9,10/24/2013,9.107142857,223.2,-58.35,-91.52,104.4
USC00404561,"JACKSON EXPERIMENTAL STATION, TN US",35.6213,-88.8456,121.9,10/25/2013,9.214285714,229.4,-60.95,-94.74,106.8
USC00404561,"JACKSON EXPERIMENTAL STATION, TN US",35.6213,-88.8456,121.9,10/26/2013,9.321428571,235.6,-63.55,-97.96,109.2
USC00404561,"JACKSON EXPERIMENTAL STATION, TN US",35.6213,-88.8456,121.9,10/27/2013,9.428571429,241.8,-66.15,-101.18,111.6
USC00404561,"JACKSON EXPERIMENTAL STATION, TN US",35.6213,-88.8456,121.9,10/28/2013,9.535714286,248,-68.75,-104.4,114
USC00404561,"JACKSON EXPERIMENTAL STATION, TN US",35.6213,-88.8456,121.9,10/29/2013,9.642857143,254.2,-71.35,-107.62,116.4
USC00404561,"JACKSON EXPERIMENTAL STATION, TN US",35.6213,-88.8456,121.9,10/30/2013,9.75,260.4,-73.95,-110.84,118.8
USC00404561,"JACKSON EXPERIMENTAL STATION, TN US",35.6213,-88.8456,121.9,10/31/2013,9.857142857,266.6,-76.55,-114.06,121.2
USC00404561,"JACKSON EXPERIMENTAL STATION, TN US",35.6213,-88.8456,121.9,11/1/2013,9.964285714,272.8,-79.15,-117.28,123.6
USC00404561,"JACKSON EXPERIMENTAL STATION, TN US",35.6213,-88.8456,121.9,11/2/2013,10.07142857,279,-81.75,-120.5,126
USC00404561,"JACKSON EXPERIMENTAL STATION, TN US",35.6213,-88.8456,121.9,11/3/2013,10.17857143,285.2,-84.35,-123.72,128.4
USC00404561,"JACKSON EXPERIMENTAL STATION, TN US",35.6213,-88.8456,121.9,11/4/2013,10.28571429,291.4,-86.95,-126.94,130.8
USC00404561,"JACKSON EXPERIMENTAL STATION, TN US",35.6213,-88.8456,121.9,11/5/2013,10.39285714,297.6,-89.55,-130.16,133.2
USC00404561,"JACKSON EXPERIMENTAL STATION, TN US",35.6213,-88.8456,121.9,11/6/2013,10.5,303.8,-92.15,-133.38,135.6
USC00404561,"JACKSON EXPERIMENTAL STATION, TN US",35.6213,-88.8456,121.9,11/7/2013,10.60714286,310,-94.75,-136.6,138
USC00404561,"JACKSON EXPERIMENTAL STATION, TN US",35.6213,-88.8456,121.9,11/8/2013,10.71428571,316.2,-97.35,-139.82,140.4
USC00404561,"JACKSON EXPERIMENTAL STATION, TN US",35.6213,-88.8456,121.9,11/9/2013,10.82142857,322.4,-99.95,-143.04,142.8
USC00404561,"JACKSON EXPERIMENTAL STATION, TN US",35.6213,-88.8456,121.9,11/10/2013,10.92857143,328.6,-102.55,-146.26,145.2
USC00404561,"JACKSON EXPERIMENTAL STATION, TN US",35.6213,-88.8456,121.9,11/11/2013,11.03571429,334.8,-105.15,-149.48,147.6
USC00404561,"JACKSON EXPERIMENTAL STATION, TN US",35.6213,-88.8456,121.9,11/12/2013,11.14285714,341,-107.75,-152.7,150
USC00404561,"JACKSON EXPERIMENTAL STATION, TN US",35.6213,-88.8456,121.9,11/13/2013,11.25,347.2,-110.35,-155.92,152.4
USC00404561,"JACKSON EXPERIMENTAL STATION, TN US",35.6213,-88.8456,121.9,11/14/2013,11.35714286,353.4,-112.95,-159.14,154.8
USC00404561,"JACKSON EXPERIMENTAL STATION, TN US",35.6213,-88.8456,121.9,11/15/2013,11.46428571,359.6,-115.55,-162.36,157.2
USC00404561,"JACKSON EXPERIMENTAL STATION, TN US",35.6213,-88.8456,121.9,11/16/2013,11.57142857,365.8,-118.15,-165.58,159.6
USC00404561,"JACKSON EXPERIMENTAL STATION, TN US",35.6213,-88.8456,121.9,11/17/2013,11.67857143,372,-120.75,-168.8,162
USC00404561,"JACKSON EXPERIMENTAL STATION, TN US",35.6213,-88.8456,121.9,11/18/2013,11.78571429,378.2,-123.35,-172.02,164.4
